{
  "image": "bearteddy21/4302-project:srp_app_nodejs",
  "summary": {
    "fatal": 0,
    "warn": 1,
    "info": 4,
    "skip": 0,
    "pass": 11
  },
  "details": [
    {
      "code": "CIS-DI-0001",
      "title": "Create a user for the container",
      "level": "WARN",
      "alerts": [
        "Last user should not be root"
      ]
    },
    {
      "code": "CIS-DI-0005",
      "title": "Enable Content trust for Docker",
      "level": "INFO",
      "alerts": [
        "export DOCKER_CONTENT_TRUST=1 before docker pull/build"
      ]
    },
    {
      "code": "CIS-DI-0006",
      "title": "Add HEALTHCHECK instruction to the container image",
      "level": "INFO",
      "alerts": [
        "not found HEALTHCHECK statement"
      ]
    },
    {
      "code": "CIS-DI-0008",
      "title": "Confirm safety of setuid/setgid files",
      "level": "INFO",
      "alerts": [
        "setgid file: grwxr-xr-x usr/bin/expiry",
        "setuid file: urwxr-xr-x usr/lib/openssh/ssh-keysign",
        "setgid file: grwxr-xr-x usr/bin/chage",
        "setuid file: urwxr-xr-x bin/su",
        "setuid file: urwxr-xr-x bin/umount",
        "setuid file: urwxr-xr-x usr/bin/chfn",
        "setuid file: urwxr-xr-x usr/bin/newgrp",
        "setuid file: urwxr-xr-x usr/bin/passwd",
        "setgid file: grwxr-xr-x usr/bin/wall",
        "setuid file: urwxr-xr-x usr/bin/gpasswd",
        "setgid file: grwxr-xr-x usr/bin/ssh-agent",
        "setuid file: urwxr-xr-x bin/mount",
        "setuid file: urwxr-xr-x bin/ping",
        "setgid file: grwxr-xr-x sbin/unix_chkpwd",
        "setuid file: urwxr-xr-x usr/bin/chsh"
      ]
    },
    {
      "code": "DKL-LI-0003",
      "title": "Only put necessary files",
      "level": "INFO",
      "alerts": [
        "unnecessary file : node_modules/sqlite3/tools/docker/architecture/linux-arm64/Dockerfile ",
        "Suspicious directory : root/.npm ",
        "unnecessary file : srp_app/Dockerfile ",
        "unnecessary file : srp_app_fail/Dockerfile ",
        "unnecessary file : srp_app_nodejs/node_modules/sqlite3/tools/docker/architecture/linux-arm64/Dockerfile ",
        "unnecessary file : srp_app_nodejs/Dockerfile ",
        "unnecessary file : srp_app_python/Dockerfile ",
        "unnecessary file : srp_app_nodejs/node_modules/sqlite3/tools/docker/architecture/linux-arm/Dockerfile ",
        "unnecessary file : docker-compose.yml ",
        "Suspicious directory : .git ",
        "unnecessary file : node_modules/sqlite3/Dockerfile ",
        "unnecessary file : srp_app_nodejs/node_modules/sqlite3/Dockerfile ",
        "unnecessary file : node_modules/sqlite3/tools/docker/architecture/linux-arm/Dockerfile "
      ]
    }
  ]
}