{
  "errors": [
    {
      "filename": "./srp_app_nodejs/node_modules/node-gyp/gyp/pylib/gyp/MSVSSettings.py",
      "reason": "syntax error while parsing AST from file"
    },
    {
      "filename": "./srp_app_nodejs/node_modules/node-gyp/gyp/pylib/gyp/MSVSVersion.py",
      "reason": "syntax error while parsing AST from file"
    },
    {
      "filename": "./srp_app_nodejs/node_modules/node-gyp/gyp/pylib/gyp/__init__.py",
      "reason": "syntax error while parsing AST from file"
    },
    {
      "filename": "./srp_app_nodejs/node_modules/node-gyp/gyp/pylib/gyp/common.py",
      "reason": "syntax error while parsing AST from file"
    },
    {
      "filename": "./srp_app_nodejs/node_modules/node-gyp/gyp/pylib/gyp/flock_tool.py",
      "reason": "syntax error while parsing AST from file"
    },
    {
      "filename": "./srp_app_nodejs/node_modules/node-gyp/gyp/pylib/gyp/generator/analyzer.py",
      "reason": "syntax error while parsing AST from file"
    },
    {
      "filename": "./srp_app_nodejs/node_modules/node-gyp/gyp/pylib/gyp/generator/android.py",
      "reason": "syntax error while parsing AST from file"
    },
    {
      "filename": "./srp_app_nodejs/node_modules/node-gyp/gyp/pylib/gyp/generator/cmake.py",
      "reason": "syntax error while parsing AST from file"
    },
    {
      "filename": "./srp_app_nodejs/node_modules/node-gyp/gyp/pylib/gyp/generator/dump_dependency_json.py",
      "reason": "syntax error while parsing AST from file"
    },
    {
      "filename": "./srp_app_nodejs/node_modules/node-gyp/gyp/pylib/gyp/generator/make.py",
      "reason": "syntax error while parsing AST from file"
    },
    {
      "filename": "./srp_app_nodejs/node_modules/node-gyp/gyp/pylib/gyp/generator/msvs.py",
      "reason": "syntax error while parsing AST from file"
    },
    {
      "filename": "./srp_app_nodejs/node_modules/node-gyp/gyp/pylib/gyp/generator/ninja.py",
      "reason": "syntax error while parsing AST from file"
    },
    {
      "filename": "./srp_app_nodejs/node_modules/node-gyp/gyp/pylib/gyp/generator/xcode.py",
      "reason": "syntax error while parsing AST from file"
    },
    {
      "filename": "./srp_app_nodejs/node_modules/node-gyp/gyp/pylib/gyp/input.py",
      "reason": "syntax error while parsing AST from file"
    },
    {
      "filename": "./srp_app_nodejs/node_modules/node-gyp/gyp/pylib/gyp/win_tool.py",
      "reason": "syntax error while parsing AST from file"
    },
    {
      "filename": "./srp_app_nodejs/node_modules/node-gyp/gyp/pylib/gyp/xcode_emulation.py",
      "reason": "syntax error while parsing AST from file"
    },
    {
      "filename": "./srp_app_nodejs/node_modules/node-gyp/gyp/pylib/gyp/xcode_ninja.py",
      "reason": "syntax error while parsing AST from file"
    },
    {
      "filename": "./srp_app_nodejs/node_modules/node-gyp/gyp/pylib/gyp/xcodeproj_file.py",
      "reason": "syntax error while parsing AST from file"
    },
    {
      "filename": "./srp_app_nodejs/node_modules/node-gyp/gyp/tools/graphviz.py",
      "reason": "syntax error while parsing AST from file"
    },
    {
      "filename": "./srp_app_nodejs/node_modules/node-gyp/gyp/tools/pretty_gyp.py",
      "reason": "syntax error while parsing AST from file"
    },
    {
      "filename": "./srp_app_nodejs/node_modules/node-gyp/gyp/tools/pretty_sln.py",
      "reason": "syntax error while parsing AST from file"
    },
    {
      "filename": "./srp_app_nodejs/node_modules/node-gyp/gyp/tools/pretty_vcproj.py",
      "reason": "syntax error while parsing AST from file"
    },
    {
      "filename": "./srp_app_nodejs/node_modules/node-gyp/test/fixtures/test-charmap.py",
      "reason": "syntax error while parsing AST from file"
    },
    {
      "filename": "./srp_app_nodejs/node_modules/walkdir/test/comparison/find.py",
      "reason": "syntax error while parsing AST from file"
    }
  ],
  "generated_at": "2022-04-20T08:12:51Z",
  "metrics": {
    "./srp_app/app.py": {
      "CONFIDENCE.HIGH": 0,
      "CONFIDENCE.LOW": 0,
      "CONFIDENCE.MEDIUM": 1,
      "CONFIDENCE.UNDEFINED": 0,
      "SEVERITY.HIGH": 1,
      "SEVERITY.LOW": 0,
      "SEVERITY.MEDIUM": 0,
      "SEVERITY.UNDEFINED": 0,
      "loc": 110,
      "nosec": 0,
      "skipped_tests": 0
    },
    "./srp_app_fail/app.py": {
      "CONFIDENCE.HIGH": 0,
      "CONFIDENCE.LOW": 0,
      "CONFIDENCE.MEDIUM": 1,
      "CONFIDENCE.UNDEFINED": 0,
      "SEVERITY.HIGH": 1,
      "SEVERITY.LOW": 0,
      "SEVERITY.MEDIUM": 0,
      "SEVERITY.UNDEFINED": 0,
      "loc": 81,
      "nosec": 0,
      "skipped_tests": 0
    },
    "./srp_app_fail/srplib.py": {
      "CONFIDENCE.HIGH": 0,
      "CONFIDENCE.LOW": 0,
      "CONFIDENCE.MEDIUM": 0,
      "CONFIDENCE.UNDEFINED": 0,
      "SEVERITY.HIGH": 0,
      "SEVERITY.LOW": 0,
      "SEVERITY.MEDIUM": 0,
      "SEVERITY.UNDEFINED": 0,
      "loc": 178,
      "nosec": 0,
      "skipped_tests": 0
    },
    "./srp_app_nodejs/node_modules/node-gyp/gyp/PRESUBMIT.py": {
      "CONFIDENCE.HIGH": 0,
      "CONFIDENCE.LOW": 0,
      "CONFIDENCE.MEDIUM": 0,
      "CONFIDENCE.UNDEFINED": 0,
      "SEVERITY.HIGH": 0,
      "SEVERITY.LOW": 0,
      "SEVERITY.MEDIUM": 0,
      "SEVERITY.UNDEFINED": 0,
      "loc": 87,
      "nosec": 0,
      "skipped_tests": 0
    },
    "./srp_app_nodejs/node_modules/node-gyp/gyp/gyp_main.py": {
      "CONFIDENCE.HIGH": 0,
      "CONFIDENCE.LOW": 0,
      "CONFIDENCE.MEDIUM": 0,
      "CONFIDENCE.UNDEFINED": 0,
      "SEVERITY.HIGH": 0,
      "SEVERITY.LOW": 0,
      "SEVERITY.MEDIUM": 0,
      "SEVERITY.UNDEFINED": 0,
      "loc": 6,
      "nosec": 0,
      "skipped_tests": 0
    },
    "./srp_app_nodejs/node_modules/node-gyp/gyp/pylib/gyp/MSVSNew.py": {
      "CONFIDENCE.HIGH": 0,
      "CONFIDENCE.LOW": 0,
      "CONFIDENCE.MEDIUM": 0,
      "CONFIDENCE.UNDEFINED": 0,
      "SEVERITY.HIGH": 0,
      "SEVERITY.LOW": 0,
      "SEVERITY.MEDIUM": 0,
      "SEVERITY.UNDEFINED": 0,
      "loc": 213,
      "nosec": 0,
      "skipped_tests": 0
    },
    "./srp_app_nodejs/node_modules/node-gyp/gyp/pylib/gyp/MSVSProject.py": {
      "CONFIDENCE.HIGH": 0,
      "CONFIDENCE.LOW": 0,
      "CONFIDENCE.MEDIUM": 0,
      "CONFIDENCE.UNDEFINED": 0,
      "SEVERITY.HIGH": 0,
      "SEVERITY.LOW": 0,
      "SEVERITY.MEDIUM": 0,
      "SEVERITY.UNDEFINED": 0,
      "loc": 151,
      "nosec": 0,
      "skipped_tests": 0
    },
    "./srp_app_nodejs/node_modules/node-gyp/gyp/pylib/gyp/MSVSSettings.py": {
      "loc": 850,
      "nosec": 0,
      "skipped_tests": 0
    },
    "./srp_app_nodejs/node_modules/node-gyp/gyp/pylib/gyp/MSVSSettings_test.py": {
      "CONFIDENCE.HIGH": 0,
      "CONFIDENCE.LOW": 0,
      "CONFIDENCE.MEDIUM": 0,
      "CONFIDENCE.UNDEFINED": 0,
      "SEVERITY.HIGH": 0,
      "SEVERITY.LOW": 0,
      "SEVERITY.MEDIUM": 0,
      "SEVERITY.UNDEFINED": 0,
      "loc": 1455,
      "nosec": 0,
      "skipped_tests": 0
    },
    "./srp_app_nodejs/node_modules/node-gyp/gyp/pylib/gyp/MSVSToolFile.py": {
      "CONFIDENCE.HIGH": 0,
      "CONFIDENCE.LOW": 0,
      "CONFIDENCE.MEDIUM": 0,
      "CONFIDENCE.UNDEFINED": 0,
      "SEVERITY.HIGH": 0,
      "SEVERITY.LOW": 0,
      "SEVERITY.MEDIUM": 0,
      "SEVERITY.UNDEFINED": 0,
      "loc": 46,
      "nosec": 0,
      "skipped_tests": 0
    },
    "./srp_app_nodejs/node_modules/node-gyp/gyp/pylib/gyp/MSVSUserFile.py": {
      "CONFIDENCE.HIGH": 0,
      "CONFIDENCE.LOW": 0,
      "CONFIDENCE.MEDIUM": 0,
      "CONFIDENCE.UNDEFINED": 0,
      "SEVERITY.HIGH": 0,
      "SEVERITY.LOW": 0,
      "SEVERITY.MEDIUM": 0,
      "SEVERITY.UNDEFINED": 0,
      "loc": 107,
      "nosec": 0,
      "skipped_tests": 0
    },
    "./srp_app_nodejs/node_modules/node-gyp/gyp/pylib/gyp/MSVSUtil.py": {
      "CONFIDENCE.HIGH": 0,
      "CONFIDENCE.LOW": 0,
      "CONFIDENCE.MEDIUM": 0,
      "CONFIDENCE.UNDEFINED": 0,
      "SEVERITY.HIGH": 0,
      "SEVERITY.LOW": 0,
      "SEVERITY.MEDIUM": 0,
      "SEVERITY.UNDEFINED": 0,
      "loc": 192,
      "nosec": 0,
      "skipped_tests": 0
    },
    "./srp_app_nodejs/node_modules/node-gyp/gyp/pylib/gyp/MSVSVersion.py": {
      "loc": 366,
      "nosec": 0,
      "skipped_tests": 0
    },
    "./srp_app_nodejs/node_modules/node-gyp/gyp/pylib/gyp/__init__.py": {
      "loc": 401,
      "nosec": 0,
      "skipped_tests": 0
    },
    "./srp_app_nodejs/node_modules/node-gyp/gyp/pylib/gyp/common.py": {
      "loc": 374,
      "nosec": 0,
      "skipped_tests": 0
    },
    "./srp_app_nodejs/node_modules/node-gyp/gyp/pylib/gyp/common_test.py": {
      "CONFIDENCE.HIGH": 0,
      "CONFIDENCE.LOW": 0,
      "CONFIDENCE.MEDIUM": 0,
      "CONFIDENCE.UNDEFINED": 0,
      "SEVERITY.HIGH": 0,
      "SEVERITY.LOW": 0,
      "SEVERITY.MEDIUM": 0,
      "SEVERITY.UNDEFINED": 0,
      "loc": 53,
      "nosec": 0,
      "skipped_tests": 0
    },
    "./srp_app_nodejs/node_modules/node-gyp/gyp/pylib/gyp/easy_xml.py": {
      "CONFIDENCE.HIGH": 0,
      "CONFIDENCE.LOW": 0,
      "CONFIDENCE.MEDIUM": 0,
      "CONFIDENCE.UNDEFINED": 0,
      "SEVERITY.HIGH": 0,
      "SEVERITY.LOW": 0,
      "SEVERITY.MEDIUM": 0,
      "SEVERITY.UNDEFINED": 0,
      "loc": 123,
      "nosec": 0,
      "skipped_tests": 0
    },
    "./srp_app_nodejs/node_modules/node-gyp/gyp/pylib/gyp/easy_xml_test.py": {
      "CONFIDENCE.HIGH": 0,
      "CONFIDENCE.LOW": 0,
      "CONFIDENCE.MEDIUM": 0,
      "CONFIDENCE.UNDEFINED": 0,
      "SEVERITY.HIGH": 0,
      "SEVERITY.LOW": 0,
      "SEVERITY.MEDIUM": 0,
      "SEVERITY.UNDEFINED": 0,
      "loc": 82,
      "nosec": 0,
      "skipped_tests": 0
    },
    "./srp_app_nodejs/node_modules/node-gyp/gyp/pylib/gyp/flock_tool.py": {
      "loc": 32,
      "nosec": 0,
      "skipped_tests": 0
    },
    "./srp_app_nodejs/node_modules/node-gyp/gyp/pylib/gyp/generator/__init__.py": {
      "CONFIDENCE.HIGH": 0,
      "CONFIDENCE.LOW": 0,
      "CONFIDENCE.MEDIUM": 0,
      "CONFIDENCE.UNDEFINED": 0,
      "SEVERITY.HIGH": 0,
      "SEVERITY.LOW": 0,
      "SEVERITY.MEDIUM": 0,
      "SEVERITY.UNDEFINED": 0,
      "loc": 0,
      "nosec": 0,
      "skipped_tests": 0
    },
    "./srp_app_nodejs/node_modules/node-gyp/gyp/pylib/gyp/generator/analyzer.py": {
      "loc": 587,
      "nosec": 0,
      "skipped_tests": 0
    },
    "./srp_app_nodejs/node_modules/node-gyp/gyp/pylib/gyp/generator/android.py": {
      "loc": 766,
      "nosec": 0,
      "skipped_tests": 0
    },
    "./srp_app_nodejs/node_modules/node-gyp/gyp/pylib/gyp/generator/cmake.py": {
      "loc": 902,
      "nosec": 0,
      "skipped_tests": 0
    },
    "./srp_app_nodejs/node_modules/node-gyp/gyp/pylib/gyp/generator/dump_dependency_json.py": {
      "loc": 73,
      "nosec": 0,
      "skipped_tests": 0
    },
    "./srp_app_nodejs/node_modules/node-gyp/gyp/pylib/gyp/generator/eclipse.py": {
      "CONFIDENCE.HIGH": 5,
      "CONFIDENCE.LOW": 0,
      "CONFIDENCE.MEDIUM": 0,
      "CONFIDENCE.UNDEFINED": 0,
      "SEVERITY.HIGH": 0,
      "SEVERITY.LOW": 5,
      "SEVERITY.MEDIUM": 0,
      "SEVERITY.UNDEFINED": 0,
      "loc": 312,
      "nosec": 0,
      "skipped_tests": 0
    },
    "./srp_app_nodejs/node_modules/node-gyp/gyp/pylib/gyp/generator/gypd.py": {
      "CONFIDENCE.HIGH": 0,
      "CONFIDENCE.LOW": 0,
      "CONFIDENCE.MEDIUM": 0,
      "CONFIDENCE.UNDEFINED": 0,
      "SEVERITY.HIGH": 0,
      "SEVERITY.LOW": 0,
      "SEVERITY.MEDIUM": 0,
      "SEVERITY.UNDEFINED": 0,
      "loc": 66,
      "nosec": 0,
      "skipped_tests": 0
    },
    "./srp_app_nodejs/node_modules/node-gyp/gyp/pylib/gyp/generator/gypsh.py": {
      "CONFIDENCE.HIGH": 0,
      "CONFIDENCE.LOW": 0,
      "CONFIDENCE.MEDIUM": 0,
      "CONFIDENCE.UNDEFINED": 0,
      "SEVERITY.HIGH": 0,
      "SEVERITY.LOW": 0,
      "SEVERITY.MEDIUM": 0,
      "SEVERITY.UNDEFINED": 0,
      "loc": 35,
      "nosec": 0,
      "skipped_tests": 0
    },
    "./srp_app_nodejs/node_modules/node-gyp/gyp/pylib/gyp/generator/make.py": {
      "loc": 1539,
      "nosec": 0,
      "skipped_tests": 0
    },
    "./srp_app_nodejs/node_modules/node-gyp/gyp/pylib/gyp/generator/msvs.py": {
      "loc": 2746,
      "nosec": 0,
      "skipped_tests": 0
    },
    "./srp_app_nodejs/node_modules/node-gyp/gyp/pylib/gyp/generator/msvs_test.py": {
      "CONFIDENCE.HIGH": 0,
      "CONFIDENCE.LOW": 0,
      "CONFIDENCE.MEDIUM": 0,
      "CONFIDENCE.UNDEFINED": 0,
      "SEVERITY.HIGH": 0,
      "SEVERITY.LOW": 0,
      "SEVERITY.MEDIUM": 0,
      "SEVERITY.UNDEFINED": 0,
      "loc": 26,
      "nosec": 0,
      "skipped_tests": 0
    },
    "./srp_app_nodejs/node_modules/node-gyp/gyp/pylib/gyp/generator/ninja.py": {
      "loc": 1887,
      "nosec": 0,
      "skipped_tests": 0
    },
    "./srp_app_nodejs/node_modules/node-gyp/gyp/pylib/gyp/generator/ninja_test.py": {
      "CONFIDENCE.HIGH": 0,
      "CONFIDENCE.LOW": 0,
      "CONFIDENCE.MEDIUM": 0,
      "CONFIDENCE.UNDEFINED": 0,
      "SEVERITY.HIGH": 0,
      "SEVERITY.LOW": 0,
      "SEVERITY.MEDIUM": 0,
      "SEVERITY.UNDEFINED": 0,
      "loc": 34,
      "nosec": 0,
      "skipped_tests": 0
    },
    "./srp_app_nodejs/node_modules/node-gyp/gyp/pylib/gyp/generator/xcode.py": {
      "loc": 764,
      "nosec": 0,
      "skipped_tests": 0
    },
    "./srp_app_nodejs/node_modules/node-gyp/gyp/pylib/gyp/generator/xcode_test.py": {
      "CONFIDENCE.HIGH": 0,
      "CONFIDENCE.LOW": 0,
      "CONFIDENCE.MEDIUM": 0,
      "CONFIDENCE.UNDEFINED": 0,
      "SEVERITY.HIGH": 0,
      "SEVERITY.LOW": 0,
      "SEVERITY.MEDIUM": 0,
      "SEVERITY.UNDEFINED": 0,
      "loc": 12,
      "nosec": 0,
      "skipped_tests": 0
    },
    "./srp_app_nodejs/node_modules/node-gyp/gyp/pylib/gyp/input.py": {
      "loc": 1837,
      "nosec": 0,
      "skipped_tests": 0
    },
    "./srp_app_nodejs/node_modules/node-gyp/gyp/pylib/gyp/input_test.py": {
      "CONFIDENCE.HIGH": 0,
      "CONFIDENCE.LOW": 0,
      "CONFIDENCE.MEDIUM": 0,
      "CONFIDENCE.UNDEFINED": 0,
      "SEVERITY.HIGH": 0,
      "SEVERITY.LOW": 0,
      "SEVERITY.MEDIUM": 0,
      "SEVERITY.UNDEFINED": 0,
      "loc": 64,
      "nosec": 0,
      "skipped_tests": 0
    },
    "./srp_app_nodejs/node_modules/node-gyp/gyp/pylib/gyp/mac_tool.py": {
      "CONFIDENCE.HIGH": 14,
      "CONFIDENCE.LOW": 0,
      "CONFIDENCE.MEDIUM": 0,
      "CONFIDENCE.UNDEFINED": 0,
      "SEVERITY.HIGH": 0,
      "SEVERITY.LOW": 14,
      "SEVERITY.MEDIUM": 0,
      "SEVERITY.UNDEFINED": 0,
      "loc": 475,
      "nosec": 0,
      "skipped_tests": 0
    },
    "./srp_app_nodejs/node_modules/node-gyp/gyp/pylib/gyp/msvs_emulation.py": {
      "CONFIDENCE.HIGH": 6,
      "CONFIDENCE.LOW": 0,
      "CONFIDENCE.MEDIUM": 0,
      "CONFIDENCE.UNDEFINED": 0,
      "SEVERITY.HIGH": 2,
      "SEVERITY.LOW": 4,
      "SEVERITY.MEDIUM": 0,
      "SEVERITY.UNDEFINED": 0,
      "loc": 871,
      "nosec": 0,
      "skipped_tests": 0
    },
    "./srp_app_nodejs/node_modules/node-gyp/gyp/pylib/gyp/ninja_syntax.py": {
      "CONFIDENCE.HIGH": 1,
      "CONFIDENCE.LOW": 0,
      "CONFIDENCE.MEDIUM": 0,
      "CONFIDENCE.UNDEFINED": 0,
      "SEVERITY.HIGH": 0,
      "SEVERITY.LOW": 1,
      "SEVERITY.MEDIUM": 0,
      "SEVERITY.UNDEFINED": 0,
      "loc": 121,
      "nosec": 0,
      "skipped_tests": 0
    },
    "./srp_app_nodejs/node_modules/node-gyp/gyp/pylib/gyp/ordered_dict.py": {
      "CONFIDENCE.HIGH": 0,
      "CONFIDENCE.LOW": 0,
      "CONFIDENCE.MEDIUM": 0,
      "CONFIDENCE.UNDEFINED": 0,
      "SEVERITY.HIGH": 0,
      "SEVERITY.LOW": 0,
      "SEVERITY.MEDIUM": 0,
      "SEVERITY.UNDEFINED": 0,
      "loc": 200,
      "nosec": 0,
      "skipped_tests": 0
    },
    "./srp_app_nodejs/node_modules/node-gyp/gyp/pylib/gyp/simple_copy.py": {
      "CONFIDENCE.HIGH": 0,
      "CONFIDENCE.LOW": 0,
      "CONFIDENCE.MEDIUM": 0,
      "CONFIDENCE.UNDEFINED": 0,
      "SEVERITY.HIGH": 0,
      "SEVERITY.LOW": 0,
      "SEVERITY.MEDIUM": 0,
      "SEVERITY.UNDEFINED": 0,
      "loc": 32,
      "nosec": 0,
      "skipped_tests": 0
    },
    "./srp_app_nodejs/node_modules/node-gyp/gyp/pylib/gyp/win_tool.py": {
      "loc": 240,
      "nosec": 0,
      "skipped_tests": 0
    },
    "./srp_app_nodejs/node_modules/node-gyp/gyp/pylib/gyp/xcode_emulation.py": {
      "loc": 1275,
      "nosec": 0,
      "skipped_tests": 0
    },
    "./srp_app_nodejs/node_modules/node-gyp/gyp/pylib/gyp/xcode_ninja.py": {
      "loc": 205,
      "nosec": 0,
      "skipped_tests": 0
    },
    "./srp_app_nodejs/node_modules/node-gyp/gyp/pylib/gyp/xcodeproj_file.py": {
      "loc": 1928,
      "nosec": 0,
      "skipped_tests": 0
    },
    "./srp_app_nodejs/node_modules/node-gyp/gyp/pylib/gyp/xml_fix.py": {
      "CONFIDENCE.HIGH": 1,
      "CONFIDENCE.LOW": 0,
      "CONFIDENCE.MEDIUM": 0,
      "CONFIDENCE.UNDEFINED": 0,
      "SEVERITY.HIGH": 0,
      "SEVERITY.LOW": 1,
      "SEVERITY.MEDIUM": 0,
      "SEVERITY.UNDEFINED": 0,
      "loc": 46,
      "nosec": 0,
      "skipped_tests": 0
    },
    "./srp_app_nodejs/node_modules/node-gyp/gyp/setup.py": {
      "CONFIDENCE.HIGH": 0,
      "CONFIDENCE.LOW": 0,
      "CONFIDENCE.MEDIUM": 0,
      "CONFIDENCE.UNDEFINED": 0,
      "SEVERITY.HIGH": 0,
      "SEVERITY.LOW": 0,
      "SEVERITY.MEDIUM": 0,
      "SEVERITY.UNDEFINED": 0,
      "loc": 12,
      "nosec": 0,
      "skipped_tests": 0
    },
    "./srp_app_nodejs/node_modules/node-gyp/gyp/tools/graphviz.py": {
      "loc": 63,
      "nosec": 0,
      "skipped_tests": 0
    },
    "./srp_app_nodejs/node_modules/node-gyp/gyp/tools/pretty_gyp.py": {
      "loc": 106,
      "nosec": 0,
      "skipped_tests": 0
    },
    "./srp_app_nodejs/node_modules/node-gyp/gyp/tools/pretty_sln.py": {
      "loc": 116,
      "nosec": 0,
      "skipped_tests": 0
    },
    "./srp_app_nodejs/node_modules/node-gyp/gyp/tools/pretty_vcproj.py": {
      "loc": 211,
      "nosec": 0,
      "skipped_tests": 0
    },
    "./srp_app_nodejs/node_modules/node-gyp/test/fixtures/test-charmap.py": {
      "loc": 18,
      "nosec": 0,
      "skipped_tests": 0
    },
    "./srp_app_nodejs/node_modules/node-gyp/tools/gyp/pylib/gyp/generator/compile_commands_json.py": {
      "CONFIDENCE.HIGH": 0,
      "CONFIDENCE.LOW": 0,
      "CONFIDENCE.MEDIUM": 0,
      "CONFIDENCE.UNDEFINED": 0,
      "SEVERITY.HIGH": 0,
      "SEVERITY.LOW": 0,
      "SEVERITY.MEDIUM": 0,
      "SEVERITY.UNDEFINED": 0,
      "loc": 87,
      "nosec": 0,
      "skipped_tests": 0
    },
    "./srp_app_nodejs/node_modules/sqlite3/deps/extract.py": {
      "CONFIDENCE.HIGH": 0,
      "CONFIDENCE.LOW": 0,
      "CONFIDENCE.MEDIUM": 0,
      "CONFIDENCE.UNDEFINED": 0,
      "SEVERITY.HIGH": 0,
      "SEVERITY.LOW": 0,
      "SEVERITY.MEDIUM": 0,
      "SEVERITY.UNDEFINED": 0,
      "loc": 8,
      "nosec": 0,
      "skipped_tests": 0
    },
    "./srp_app_nodejs/node_modules/walkdir/test/comparison/find.py": {
      "loc": 21,
      "nosec": 0,
      "skipped_tests": 0
    },
    "./srp_app_python/srp_login.py": {
      "CONFIDENCE.HIGH": 2,
      "CONFIDENCE.LOW": 0,
      "CONFIDENCE.MEDIUM": 1,
      "CONFIDENCE.UNDEFINED": 0,
      "SEVERITY.HIGH": 0,
      "SEVERITY.LOW": 3,
      "SEVERITY.MEDIUM": 0,
      "SEVERITY.UNDEFINED": 0,
      "loc": 73,
      "nosec": 0,
      "skipped_tests": 0
    },
    "_totals": {
      "CONFIDENCE.HIGH": 29,
      "CONFIDENCE.LOW": 0,
      "CONFIDENCE.MEDIUM": 3,
      "CONFIDENCE.UNDEFINED": 0,
      "SEVERITY.HIGH": 4,
      "SEVERITY.LOW": 28,
      "SEVERITY.MEDIUM": 0,
      "SEVERITY.UNDEFINED": 0,
      "loc": 22665,
      "nosec": 0,
      "skipped_tests": 0
    }
  },
  "results": [
    {
      "code": "144 if __name__ == '__main__':\n145     app.run(debug=True)\n",
      "col_offset": 4,
      "filename": "./srp_app/app.py",
      "issue_confidence": "MEDIUM",
      "issue_cwe": {
        "id": 94,
        "link": "https://cwe.mitre.org/data/definitions/94.html"
      },
      "issue_severity": "HIGH",
      "issue_text": "A Flask app appears to be run with debug=True, which exposes the Werkzeug debugger and allows the execution of arbitrary code.",
      "line_number": 145,
      "line_range": [
        145
      ],
      "more_info": "https://bandit.readthedocs.io/en/1.7.4/plugins/b201_flask_debug_true.html",
      "test_id": "B201",
      "test_name": "flask_debug_true"
    },
    {
      "code": "111 if __name__ == '__main__':\n112     app.run(debug=True)\n",
      "col_offset": 4,
      "filename": "./srp_app_fail/app.py",
      "issue_confidence": "MEDIUM",
      "issue_cwe": {
        "id": 94,
        "link": "https://cwe.mitre.org/data/definitions/94.html"
      },
      "issue_severity": "HIGH",
      "issue_text": "A Flask app appears to be run with debug=True, which exposes the Werkzeug debugger and allows the execution of arbitrary code.",
      "line_number": 112,
      "line_range": [
        112
      ],
      "more_info": "https://bandit.readthedocs.io/en/1.7.4/plugins/b201_flask_debug_true.html",
      "test_id": "B201",
      "test_name": "flask_debug_true"
    },
    {
      "code": "1029     popen = subprocess.Popen(\n1030         args, shell=True, stdout=subprocess.PIPE, stderr=subprocess.STDOUT)\n1031     variables, _ = popen.communicate()\n1032     env = _ExtractImportantEnvironment(variables)\n",
      "col_offset": 12,
      "filename": "./srp_app_nodejs/node_modules/node-gyp/gyp/pylib/gyp/msvs_emulation.py",
      "issue_confidence": "HIGH",
      "issue_cwe": {
        "id": 78,
        "link": "https://cwe.mitre.org/data/definitions/78.html"
      },
      "issue_severity": "HIGH",
      "issue_text": "subprocess call with shell=True identified, security issue.",
      "line_number": 1030,
      "line_range": [
        1029,
        1030
      ],
      "more_info": "https://bandit.readthedocs.io/en/1.7.4/plugins/b602_subprocess_popen_with_shell_equals_true.html",
      "test_id": "B602",
      "test_name": "subprocess_popen_with_shell_equals_true"
    },
    {
      "code": "1048       'for', '%i', 'in', '(cl.exe)', 'do', '@echo', 'LOC:%~$PATH:i'))\n1049     popen = subprocess.Popen(args, shell=True, stdout=subprocess.PIPE)\n1050     output, _ = popen.communicate()\n",
      "col_offset": 12,
      "filename": "./srp_app_nodejs/node_modules/node-gyp/gyp/pylib/gyp/msvs_emulation.py",
      "issue_confidence": "HIGH",
      "issue_cwe": {
        "id": 78,
        "link": "https://cwe.mitre.org/data/definitions/78.html"
      },
      "issue_severity": "HIGH",
      "issue_text": "subprocess call with shell=True identified, security issue.",
      "line_number": 1049,
      "line_range": [
        1049
      ],
      "more_info": "https://bandit.readthedocs.io/en/1.7.4/plugins/b602_subprocess_popen_with_shell_equals_true.html",
      "test_id": "B602",
      "test_name": "subprocess_popen_with_shell_equals_true"
    }
  ]
}